ID	normalized weight
0	21.359294842526083
1	15.451209065466012
2	20.12832507696842
3	20.333087023832526
4	22.75398728321451
5	22.18527325924715
6	12.568898694732706
7	20.584815337936114
8	20.930481844142154
10	21.543869416760522
12	17.78028011647356
15	6.657005987479489
16	16.00829745364867
17	20.42351169382687
18	7.636516077499179
20	21.858992525353393
21	27.386925434776842
22	19.00866102844339
24	27.507847784698573
25	24.462841950449786
26	6.630575859190948
27	21.16006727065333
28	19.575789187029834
29	18.97309889943123
30	19.506497933161047
32	23.351689869608435
33	19.382037272533907
34	22.48094241677724
35	19.77087058338465
37	19.70862547970252
38	19.973495322960673
39	17.04489043290163
40	17.224220373979417
41	20.561286693074923
42	23.58045161684551
43	20.045572193802307
45	15.464983061469578
46	15.81955202749655
48	14.974547181724251
49	17.079256303781097
51	21.93522392628906
52	21.289540480759708
53	25.849227427916517
54	8.66714297892168
55	21.116885418122134
56	17.680138654486093
57	19.321742553509576
59	17.278858378074325
60	16.73517719095931
62	12.074210694168963
63	21.400999056524416
64	20.085689649739493
65	13.878555809320941
66	22.583960023681104
67	15.730733316427594
68	13.97743460608299
69	21.00002647777775
70	21.374299265094052
71	16.61991500250796
72	24.79338781128276
73	21.82036211858326
74	16.92473352056918
75	15.640966894955389
76	17.57874248858111
77	21.529112859438346
78	20.233017472088953
79	22.450604887600676
80	15.240222945617617
81	10.795078991782475
82	19.734676060060472
84	19.441811560939055
85	27.580809466339296
87	20.64570104085923
88	17.383044452750667
89	18.55750094210493
90	21.48330997606321
91	23.719161917368023
92	22.46059587427138
94	22.483618466028364
96	12.462728173350559
97	17.669613925746205
98	15.83337141867026
99	24.27349460952286
101	21.770860630494326
102	21.06015328091318
103	21.946171517279556
104	23.043526031655002
105	30.71735828465445
106	20.872623714613365
109	19.64899763976116
110	26.068583899027136
112	18.94235879879062
113	22.46993471801149
114	17.6372272533501
115	22.783540268749665
116	19.16590553129999
117	24.46976714478554
118	18.550246567056544
119	21.14458111360228
120	22.284444502128185
121	12.515840173786644
122	17.28934045237749
123	21.167602742252654
126	24.958391049428478
127	22.61446556652806
128	14.730789412999764
129	10.883733202069847
130	15.912197075333253
131	24.21611240195164
132	7.000019661395462
133	20.556536317350385
134	23.439234995957236
136	16.05584432817582
137	15.06183828222888
139	23.205406958944536
140	21.41610041570468
141	8.198324691643476
142	10.100155288274633
143	22.628506794618094
145	21.07209955456634
146	18.009022710643972
147	23.565613986292863
148	16.309132029410094
150	15.653276283907104
151	17.726049729741252
152	7.665488093923757
153	15.86216365255566
154	17.58811645886964
155	20.70127505738876
156	22.550077723721234
157	20.04016249105665
158	23.647773631977646
159	22.773982362379215
160	22.864219073380735
161	24.588794165319978
162	20.160132420897785
163	11.470733278749998
164	21.546738406144712
165	21.961004715296916
166	21.678506028863435
167	19.721363615565945
168	21.779549874061455
169	21.3750540718799
170	22.09762194045588
171	12.157649200260728
172	20.86766594016032
173	18.909194555710307
174	8.243261508316676
175	14.43660421562841
176	16.683611575088143
177	24.540381797129495
178	15.6814037737497
179	17.927180859610843
180	17.038290923008034
181	27.400978326919777
182	25.937166766501445
183	17.69274676155486
184	20.066953462805134
185	18.729569187259823
186	21.498167239213544
187	17.399264718810834
188	20.47900713964175
189	19.56532593102879
191	20.786893382179016
192	20.8929529212524
193	23.422555571772943
195	8.125940918342291
196	21.012291465285728
197	9.180829812980125
198	24.402522512246726
199	22.936403557741343
200	19.99819895703847
201	18.055939481237868
202	17.86159404729963
204	21.2047566738882
205	21.115716340489023
208	17.245609791181177
210	23.03499308577178
213	20.111898239891975
214	18.95781780955495
215	27.276475708101383
216	15.66940396592527
217	22.682242779776427
218	21.796406792333368
219	18.61584391209011
221	20.75668402205908
222	20.632295291062714
224	18.202819283263253
225	26.97309241840581
226	22.76969147215556
227	23.516829462090108
228	18.6864952769059
229	19.951300994212442
230	20.233831733496753
231	16.839019668494213
232	13.460942654759993
234	22.506190268352785
235	21.40791407498429
236	26.58308001910793
237	13.588683700632886
238	8.458143371439172
239	8.748573227354298
240	19.816393256796033
241	21.229491042276013
242	21.465584467144286
244	20.829891896965453
245	23.860019614722283
246	20.135482944533045
247	10.824413648094161
248	18.70114262668055
249	23.187560459559723
250	18.35607876014508
251	19.138369480903233
252	7.3061539668707685
253	10.724182439996298
254	18.182656768172965
256	16.862852471600835
257	24.769202310708597
258	26.14199291813357
259	15.467516035999513
260	16.5380968152193
263	14.672805848023188
264	19.66779628075273
265	21.37650040374698
266	8.709769925298842
267	8.86858489424904
268	17.22309153810964
269	17.573155223196935
270	7.841035878646978
272	20.403906353999403
273	21.3065945866463
274	23.37885277673124
276	21.166798603967337
277	18.29708930001715
278	22.190079403844223
279	19.91530314815596
281	21.292570284920163
282	12.381132503258053
283	18.076888003120764
284	7.972175846996286
285	13.53552721365353
286	16.63785022342347
288	18.668320431105265
289	24.53445590273262
290	19.138949725274202
292	8.427643100941873
294	21.03449331053772
295	21.346243805368704
296	8.613829209503129
297	19.35459775165668
298	8.331232776109644
299	22.208191940421134
300	19.12577277782637
301	25.701029805383605
302	10.647301259905783
303	18.253995690669637
305	19.54460108206347
306	18.571611969331457
307	22.997057022529976
308	10.101999164508973
309	21.672610387405495
311	16.145295013575456
312	17.969127964814394
314	19.964571360083287
316	19.602202099839747
317	23.297199060147427
318	21.411314383327213
319	19.02918419691469
320	11.923951081267573
321	15.221868036552605
323	11.943306521766319
324	20.542052119069215
325	21.66250647404779
326	17.126520162128603
327	23.183323823682535
328	15.481776085302922
330	19.464048531783718
331	18.834710513832864
332	21.293428307735887
333	7.211730503250997
334	19.253238332967953
335	20.695272037411794
336	21.72336061126706
337	22.010483502521645
338	20.05039590120955
339	23.999714170588664
341	14.680295869455975
342	20.82579332141106
344	21.379401983961213
345	20.663083930063866
346	25.46395563066237
347	17.69655076103846
348	23.380049791734923
349	15.763317061301064
350	12.069253512465473
351	20.230268238359752
352	25.347914963636757
353	19.174331429654153
354	17.743022547174448
356	11.223121138188143
357	8.690194179381209
358	16.48478647087943
359	21.05628204735627
360	21.28441699133995
361	18.605069521837716
362	18.11488661056925
365	21.19902614548938
366	22.272212683407602
367	11.269914919614267
368	12.121791917181026
369	21.583495514465824
370	25.33303470533219
371	10.83523897350953
372	24.596677450242368
374	22.654172695169958
376	20.535162855625106
377	17.761532871990962
378	20.196162717593687
379	20.458770310487395
380	23.064349943378776
381	23.225135267275196
382	21.879120791244848
384	18.296255704164505
385	16.69622653703833
386	22.31093373936155
387	25.394509869616073
388	9.473971173165058
389	21.678247770075007
392	19.05842822509766
393	18.579015929246367
395	18.52164986773917
396	15.028557552664193
397	20.687668953505025
398	20.196152318725158
399	23.418492699149308
400	18.152369029296715
401	18.570966024830636
402	14.952358467995117
403	11.723630298898035
404	21.221185229709096
405	19.420175248805094
406	18.833963732615125
407	20.761907581314773
408	24.6213040186087
409	20.63841847909898
410	25.112668994436824
411	22.14922637274262
412	25.729870080745307
413	23.102159684280345
414	21.304362107095997
415	16.440304482938146
416	20.522670978939086
417	19.567476339108897
418	20.384883155059544
419	17.76657658349888
420	18.987359868634304
421	30.242544897479963
424	11.19924736308936
425	14.701133713008383
426	19.034231660376808
427	15.310043410543965
428	22.301837413665744
429	20.736827476010426
430	19.254689203475397
431	18.986221068169222
432	17.29396170449727
433	12.8009731139388
434	23.677525196591763
435	20.741542880831076
437	21.570513792913687
438	20.481389489076243
439	21.258975826706862
440	22.255958618897484
441	22.94271942390802
442	21.17199569448066
443	23.713600964969135
444	11.083548880286186
445	16.825914124262173
446	22.472822340548394
447	13.458149771067289
448	21.436746684793782
449	21.35334241780358
450	13.901564818107861
451	27.705187369677255
452	22.209205974298303
453	24.345528101273814
454	17.664060582404723
455	19.361010343375245
456	18.405062114039374
457	20.373683042514227
459	17.72600436848551
460	20.556362022528745
462	14.241660058341871
463	27.33259193591588
464	18.25022306995841
465	13.793574583514193
466	13.055638927775068
467	13.602974795477165
468	16.03945354952249
469	12.655921871502624
470	16.2774246669075
471	23.379075281987593
472	21.139052993922014
474	21.428382029336806
475	20.570591730393808
476	19.906937417580302
477	21.85571125679555
478	20.524397331722678
479	21.738343408363562
480	21.602062999685803
481	22.38342170371902
482	22.000135653205497
484	22.976281488856742
485	17.60844910362586
486	13.19860996615016
487	22.673689374440023
488	27.11251907345558
489	23.160062843910023
490	25.117363968630332
493	21.062076144311433
494	17.135201983410454
495	20.366843128062605
496	22.231948517315512
497	15.280982085355047
498	18.977031473713932
499	18.82151323168345
500	21.157880754464276
501	20.388216188635525
502	24.230148630778388
503	20.46021954466665
504	18.892168811549382
506	27.701401263193926
507	21.770677575654275
508	23.515503708265573
509	10.59060452177001
510	23.088345719699987
511	19.559429247144536
512	20.29086484445895
513	21.750149655018387
515	20.918673131835085
516	23.950172459096628
517	13.620316921914828
518	7.7671301409706635
519	28.703863220802447
520	21.480157218387546
521	19.658944379905634
522	18.83471181442716
523	16.76506103438138
524	21.29885781466128
525	24.125099018583867
526	20.154933772287748
527	20.312611261359294
528	19.377624475763984
529	24.253319411615518
530	24.376507203946385
531	19.13409034540704
532	20.257715913120553
533	27.54202009637919
534	20.14140242602576
535	21.148267625241726
536	24.201165953997606
537	19.698281471656866
539	18.278475961690134
540	20.435368747173708
541	16.45337731413686
542	24.40862836929895
543	19.949981699067095
544	11.01996014994209
546	19.7860843525873
547	23.187655072905017
548	17.33493064969016
549	21.168759807869733
550	18.27557831693414
551	9.102003822693602
553	21.220354519164147
554	16.7661492462909
558	17.11181029694425
559	19.306841897567317
560	21.431995126589037
561	25.529155329791372
562	24.976409404274897
563	24.72596753559001
564	22.583328494181476
565	19.612021815634385
566	19.754303888039896
567	16.08375790263081
569	23.89139160313369
570	15.54759919554575
571	19.672079574168805
572	9.566518078070867
573	18.246462013202002
574	20.835528447632797
575	17.133475803763137
576	19.644338959287392
577	21.20456366363865
578	23.245471582421
579	20.950595045562984
581	23.56062000164895
582	14.418928124248334
583	20.38682440302208
584	18.06053815568023
586	12.25655133903736
587	18.70101384975531
588	18.867002029316257
589	19.97986450146057
591	14.642164289180595
592	11.095684991445703
593	18.575510857293075
594	14.4775878500828
595	20.355073577436226
596	19.048094876474064
597	21.028646748751115
598	12.702647688726913
599	14.778453718849134
600	22.33803371251795
601	14.264008998641996
602	15.299781066468821
603	13.437717672744597
604	21.99676324607496
605	21.590563789079535
606	21.279311542807825
607	22.802668277225298
608	24.516254411639036
610	18.107034071357624
611	15.597333221176177
612	23.261422713074747
613	14.64140376666402
614	17.835241751163636
616	24.291769847122403
617	22.09489857970219
619	21.991296762811466
620	21.337906011772066
622	24.610270443121383
623	20.182871381904697
624	20.986520706294314
625	24.090546677194332
626	27.243588908414488
627	21.191520737038207
628	22.79278566923464
629	20.105749750820483
630	21.5649720245718
631	25.451275700749207
632	23.941870251038445
633	24.43601252816735
634	20.64574336456146
636	23.721219296132464
637	22.70034598503803
638	19.74762120241957
639	12.672216429449163
640	20.708129237743215
641	20.403196281211198
642	22.787190379346367
643	19.59597546675349
644	24.476436687421018
645	15.500390531495125
646	22.539293806257177
647	13.9751640896387
649	26.908764746454352
650	16.824383146960862
651	23.205181698279603
653	23.428571533170985
654	20.55902355414312
655	22.632988177350832
656	21.352036510757674
657	18.26862048798416
658	20.59363777931099
659	19.47205168544454
660	23.63698807877074
661	21.05912729655624
662	20.631757420454626
663	21.290502460840823
664	23.419356298478835
665	20.769216756638777
666	21.28641453773889
667	19.66307935881848
668	9.317830895583262
669	19.543328194210346
670	20.60278151095222
671	28.306573892052388
672	18.326626669245133
673	18.83831205369051
674	18.000624372076476
675	17.302134452232973
676	12.502017738339415
677	11.983758774694454
678	15.871457868761283
679	24.40857868777611
680	9.922501234406027
681	21.18666278062405
683	25.29119174139452
684	19.96900556152464
685	13.593959241032634
686	21.77168662499206
687	18.54903894934322
688	21.885414297678505
689	25.253216415412503
690	24.958932702413144
691	23.473406533890742
692	25.932680309540444
693	23.581323660447406
694	26.079159787859307
695	24.43820078683948
697	21.793439547325494
698	19.693038210133114
699	20.972028436992463
700	14.799919463600924
701	20.616827206159254
702	22.265999500523165
704	16.940635208320387
705	18.892533251014235
707	16.815581640768798
708	19.5728934244914
709	23.55081225585699
710	21.13636330228647
711	19.768899945274207
712	25.339412386204916
713	19.671879167977128
714	15.766140952888962
715	17.945543879368888
716	21.183096515916343
717	11.979032946897702
718	15.247839417537492
719	16.54932848379677
720	10.127291070083183
721	9.927585293600774
722	28.454332781162186
723	12.904167050195298
724	14.275192481802366
726	26.012425104875756
727	12.453604543605193
728	19.671458482064732
729	19.217864371364666
730	17.930916385985437
731	21.850562918698714
732	25.503742664032703
733	25.824997441204903
734	18.31211863410034
735	21.25876897262545
736	16.906423810554458
737	11.819360065181373
738	21.803147454644368
739	19.17606670197709
740	25.76778764871325
744	25.777835143383893
745	17.092858982046753
747	15.617106313361512
748	16.015718197591163
749	20.269560422216003
750	24.83364121678856
751	18.25497952784319
752	23.741503641950175
754	23.800379415709756
755	9.85731667823922
756	19.90889742065936
758	21.68413060750712
759	17.422767126453795
760	15.979567499534939
761	20.67043869135111
762	20.239967783666604
763	19.970807854713115
765	16.377588425032076
766	18.876480862484694
767	17.018788818177413
769	4.89407338676573
770	20.524587686777963
771	24.987919573200177
772	22.856584326032397
773	17.90192771957185
774	17.050840917162372
775	22.852403635697403
776	21.7153453938959
777	23.97477243362795
778	21.54856889984098
779	17.339967251106124
780	7.847775856394354
781	17.82175343100769
782	8.640927209568334
783	8.73876769190401
784	19.217744236008865
785	19.91965444605708
786	9.838652892170195
787	22.57404879755612
788	16.140514334397906
789	18.45240422295184
790	26.18187116196674
791	17.936022053175986
793	19.844698306940522
794	20.097075145028562
795	23.387766336583148
796	22.665450095384102
797	21.642595823640725
798	22.04068380966736
799	23.298784305479963
800	24.540303630848353
801	24.561501095780727
802	22.18666589231075
803	19.196484130387844
804	21.520195023081754
805	20.280488519062622
806	21.586011883545513
807	23.727859038323928
808	19.636764664579253
809	10.862941538684527
810	20.990748270406097
811	21.08021307270209
812	23.17731029796774
813	22.45653269333471
814	21.31614612378457
815	22.676975037295467
816	17.372358646280244
817	20.237156532940404
818	14.429328301574804
819	18.827105600494715
820	24.53350400611038
821	20.240081697925344
822	19.6803609438337
823	17.776627480272232
825	18.333937843303765
826	19.816505350998906
827	21.1491747350128
828	10.500499040817049
829	22.32528478684751
830	21.037172958746535
831	23.934111716974982
832	20.58952640121252
833	23.89087193721102
834	21.998340329032974
835	21.275365115226172
836	10.992221259161001
837	21.50956559019374
838	23.703824743234275
839	18.693495596318193
840	12.555192953599533
842	16.77250925049688
843	17.856906006761758
845	19.505281453848788
846	26.534896862541704
847	18.30017128770226
848	19.616454448679676
849	21.19412335496184
850	21.4186946985507
851	14.943918530886
852	19.291840722720867
853	8.86661876205024
854	26.78247326857422
855	20.939744464286843
856	16.35827345295704
857	16.090419262826064
858	22.54628566528282
859	20.39394772593501
860	12.954547311096789
861	11.684446584863679
863	10.733327126123486
864	20.12794827333516
866	17.408443121206343
867	17.486561486465316
868	20.41183085567784
869	15.20432032864486
870	15.595632005750462
872	20.77275033730962
873	22.53033567717002
874	16.302849107702038
875	17.36904270971458
876	23.261447498211773
877	22.528521368099064
878	23.05872836445157
879	11.078045972531116
880	20.870511225010294
881	13.723480229812358
882	21.452618373562927
884	19.183568591973923
885	17.52074994973484
886	23.966103247820264
888	13.136424704436632
891	16.80387235254785
892	16.6517194158734
893	21.0359752111186
894	20.079402270602444
895	21.6136564288335
896	20.414895039488776
897	23.19442334067782
898	26.69678448670489
899	10.927322683519781
900	22.003289619118032
901	20.68382631239904
902	24.051009510047763
903	18.11823513392325
904	19.65413272525811
905	16.573164406861878
906	28.806313358386504
907	12.187306720165186
908	26.88679463985752
909	17.00762792355857
910	17.41726408310891
911	13.470519949487821
912	12.073319903847526
913	22.210133295138665
914	8.176622842853712
915	11.042459571972882
917	10.291744319426568
918	15.28662962189562
919	23.844995451315683
920	21.268095058079865
921	20.28674616066231
922	23.701839374239523
923	18.20885222542057
924	20.033475951466137
925	23.935819327904063
926	26.187878618348158
927	16.738076362459985
928	6.995439107170447
929	19.639804138771918
930	28.0205752121491
932	8.744263956615683
933	16.74890599426391
934	23.59973328052864
935	20.849654461351193
936	18.584406029942627
938	22.89554864171265
939	21.106229370599173
940	14.70080887970859
941	22.171334837684707
942	15.21312186428474
943	12.234997915582554
944	11.813679683197368
945	29.124641755227103
946	21.69226376763787
947	21.539749704181485
948	23.432064215731184
949	21.370218266966
950	18.19009305554959
951	16.720664162254888
952	13.680889042341656
953	20.844699017067864
954	19.684305476451662
957	16.700910555564143
958	19.049700139435544
959	13.687548612531707
960	25.939057491784464
961	20.917581268433167
962	15.99329967704048
964	12.852618650156431
965	21.56878241993341
966	25.319654385047198
967	23.77865596799724
968	21.298623284889942
969	9.897657222382488
970	15.741187922588773
972	23.148337317645904
973	16.971882277158333
974	18.619149750031102
975	7.480579116142842
976	22.71285191025575
977	23.68782355778829
978	8.375770592814384
979	18.12405279288529
980	9.37630699855896
981	22.948996421229953
982	9.14198711042942
983	16.01856200541999
984	19.698981980863664
985	20.732658645970876
987	19.868011673957188
988	25.344534680033185
989	26.64070783578516
990	18.21691702434557
991	22.238470224998288
992	21.51517671902164
993	17.98928496034161
995	21.857301016266014
996	23.87006461148503
997	17.4848461973735
998	15.375436183686706
999	19.6695390475997
1000	18.652466432891348
1001	12.036254353890742
1002	20.63460985941377
1003	21.001146861874865
1004	11.230136993288903
1005	16.292821882672854
1006	19.26219451011493
1007	21.923740559170074
1008	22.15201304142282
1009	17.09844371264045
1010	12.373687242817327
1011	25.68476519914062
1012	16.982716728782833
1013	18.019729946155252
1015	10.874534365049225
1016	17.865889555452647
1017	17.314511741353837
1018	12.740656653457055
1019	21.03619724314322
1021	18.52092315358084
1022	12.095818728265408
1024	14.723733798310322
1025	6.754531719689088
1026	19.54302305143406
1028	18.375230451874867
1029	23.346803618788858
1031	25.462447189966664
1032	5.500902139649172
1033	19.188918242968963
1036	9.92419208741714
1037	18.89129689582463
1038	26.602834956849463
1039	16.011050349074214
1040	10.988016522165392
1041	13.972599232806875
1042	14.344316773360587
1043	14.822192547299293
1045	12.507250618583818
1046	11.150224371657837
1047	13.474237249553504
1048	24.888760627236163
1049	21.18957639853098
1050	12.390906056777782
1051	18.657113461865027
1052	21.674748266625688
1053	19.190001790400306
1054	12.825118654761216
1055	22.013161695979633
1056	22.06296428299188
1057	25.5942648675033
1058	16.307219315185485
1059	20.50697418178645
1060	19.338581002406613
1061	14.522520748880266
1062	22.2578515002022
1065	20.575116063285172
1066	17.276619242538438
1067	18.56218083396836
1068	29.462506557680232
1069	18.694451124227403
1070	19.37596765989214
1071	18.889179619711328
1072	21.4171826021483
1073	17.026486121430878
1074	20.373393555440227
1075	13.863493693838246
1076	16.558026669785843
1077	12.393246934284589
1078	23.98533548107421
1079	17.13717970558286
1080	19.676507923655862
1081	23.58398081094302
1082	18.94503871554648
1083	20.484729109394188
1084	21.247086411316484
1085	20.473096997669412
1086	21.638208944239715
1087	22.122603375970634
1088	22.26998371492866
1089	18.89896384568169
1090	21.55154623459438
1091	19.42194178798753
1093	21.8889990526198
1094	12.40072971974484
1095	10.083270554218696
1096	21.618424686411444
1097	19.370002352610747
1098	24.76454143819654
1099	19.92747910253876
1100	21.543716434135202
1101	22.541956544561465
1102	18.9484532806488
1103	10.498152169665975
1104	17.715907891139146
1107	21.509134433592738
1108	21.645851539199793
1109	14.036068621026095
1110	24.118447529494276
1114	11.701583179114936
1115	20.608107659181346
1116	10.838040717765699
1118	23.829006981995647
1119	21.793647659846556
1120	18.530978244470393
1121	18.556353740611126
1122	16.87140520466723
1123	17.484592083307056
1124	22.456047334171668
1125	20.881096839483927
1126	21.94420377935598
1128	15.634589864160871
1129	14.49007115084132
1130	19.92607503941685
1131	18.930840026769626
1132	20.03937536921818
1133	21.484464664207636
1135	24.269705005419635
1136	18.38098253522773
1137	13.883241422505975
1138	24.851321591914065
1140	26.328427859803
1141	20.942097558494183
1142	20.203995709310366
1143	14.847548741787136
1144	8.355571286549178
1145	23.63908639178691
1147	21.579923245097383
1148	21.018183685228365
1149	19.04352304639243
1150	12.136014150873946
1151	20.18892836694832
1153	13.007193862202215
1155	15.145939207589185
1156	21.972419624165486
1157	20.3186173892125
1158	21.963022253727644
1159	20.007698379259963
1160	11.575357856732396
1161	25.657315965770692
1162	13.649304313646075
1163	22.835551981064718
1164	21.76211011477805
1165	21.958213811064148
1166	10.884310960594517
1167	22.74196771951378
1168	18.13782331880974
1169	21.963469677548865
1170	20.48971801266988
1171	24.472609868293546
1173	18.149427659573043
1174	23.468297000025053
1175	14.507850742643198
1177	18.966696874400263
1178	20.990026077077946
1179	20.986644443627032
1180	10.801726122143167
1181	20.793539566574086
1182	16.277776094590653
1183	24.46942530391318
1184	20.440585884848584
1185	26.764453547530707
1186	25.03202196975118
1187	21.1218016480061
1188	19.769804227193347
1189	11.158139766265865
1190	13.683080239705305
1191	18.37802120241413
1192	20.89579995344321
1193	20.092553290489324
1194	22.323237250992644
1195	11.590360800693654
1196	19.618036631108787
1197	21.123645265825925
1199	21.193472979800944
1200	25.65397016836894
1201	21.263257376147028
1202	18.771083272528376
1203	21.866894316123226
1204	22.269079435061048
1205	13.68205190629674
1206	27.14330768064735
1207	19.174988877426788
1208	12.546152017661727
1209	16.766561699989683
1210	16.36093082295208
1211	20.110239698078143
1212	21.70309866082891
1213	14.51557987993271
1214	20.7082972527007
1215	23.210369174962803
1216	26.877372403452743
1217	24.49287628853635
1218	22.606225281254236
1219	19.87548195707616
1220	15.928490701781715
1221	23.23094450315701
1222	20.735755290459068
1223	20.907033329917006
1224	21.53452139000777
1225	18.270095571842933
1226	13.878420592285645
1227	15.20215344052924
1228	17.07739418690566
1229	19.146994960988522
1231	12.868932304742156
1232	11.587445043528714
1233	16.12483095045121
1234	17.084136732741428
1235	16.570980197155794
1237	21.55122947563892
1238	12.873105409307735
1240	23.933804361126906
1241	22.888484522528298
1242	21.649505785654153
1243	13.868717578515298
1244	20.604154238437996
1245	22.597600873928666
1246	20.072563578591712
1248	22.547782025548763
1249	22.20527204974051
1250	23.42624534705236
1251	23.12829021865888
1252	18.114516433716936
1253	20.052702816454484
1254	19.643842862975514
1255	21.40618639761789
1256	20.835382113660785
1257	10.597117567671624
1259	22.477427780046316
1261	22.72426379192447
1262	20.74950846718128
1263	15.84306598703762
1264	18.030342854143644
1266	18.655185635847136
1267	10.985479806599017
1268	22.287204524846597
1269	22.06854886386883
1270	23.298780346959635
1271	22.24000938287062
1273	17.108162173606374
1274	13.915465094393284
1275	19.054741664114292
1276	17.853383914213122
1277	23.95899246721885
1278	23.369781970212948
1279	16.546336963304892
1280	19.836637736957055
1281	8.741533524519332
1282	20.852187200689922
1284	20.376216316643013
1285	17.604821528057098
1287	20.691080462466033
1288	18.50718530786447
1289	24.259685630879844
1290	20.718896775574986
1291	20.351812110317198
1292	21.987439310774423
1293	17.683503585885052
1294	16.056421552115264
1295	25.116753235041426
1296	23.95706374159995
1297	16.892070086918604
1298	15.839519901495217
1299	19.2310890434444
1301	23.64148943436939
1302	22.829976884732496
1303	15.878193563428773
1304	9.09340851035462
1305	21.277100385632004
1306	17.939673561245257
1307	16.199137188371388
1308	23.213245865350725
1309	16.29345209923184
1310	19.317008536013493
1311	20.992166861740607
1312	23.42214799716195
1314	17.292244724342755
1315	18.83452443761085
1316	18.942983546698596
1317	16.009037285814024
1320	20.10471662170948
1321	22.618734814128974
1322	20.44693375818661
1323	24.403493625107075
1325	8.402177555831262
1326	20.817041484311645
1327	25.897171917312843
1328	13.32153089855895
1329	19.43147481881459
1330	22.59631825467259
1331	20.285909359234594
1332	10.697247541916438
1333	19.267341429237614
1335	19.13769985055633
1336	14.807624432477441
1337	18.741961768764387
1338	18.56298736053502
1339	22.44273485013296
1340	24.49946681924097
1342	26.260473014079263
1345	24.17484168470199
1346	24.12606903093235
1347	21.53476113067691
1348	20.09742308293177
1349	21.127098984740822
1351	20.859744479097152
1352	27.597471200711414
1353	18.68622927500504
1354	21.046478462329652
1355	25.3127254657051
1356	20.433292218038833
1358	20.315649996814013
1359	26.008372868936153
1360	23.797666937243992
1361	20.953605611090303
1362	21.498906964751093
1363	14.770859326651715
1364	24.513912760739803
1365	16.209755707144016
1366	8.946348759451372
1367	20.759077878722668
1368	16.436156412330647
1369	21.33954205567639
1370	19.18756782434052
1371	18.654558485637963
1372	21.55996112606033
1373	22.411550895459907
1374	21.84862339975634
1375	17.90164549340265
1376	17.794683625967206
1377	10.632576476619091
1378	20.43424844391701
1379	20.419072442133473
1380	15.439331401209795
1382	11.904565761250158
1383	25.73839685870535
1384	24.353056213161377
1385	20.844752654496734
1386	20.504182816961535
1387	20.73990028643814
1389	21.073055375156162
1390	17.59537035230981
1391	15.565657180034083
1392	18.445005452589275
1393	22.32663536673201
1394	18.44178743494826
1395	15.090452890693964
1396	11.150231137035982
1397	22.555793942755056
1398	16.016333250884294
1399	16.732735820829255
1400	20.82401404785892
1401	17.855822277617193
1402	13.584478071666693
1403	20.507598376290186
1404	6.34507087036834
1406	17.068656894957197
1407	19.659716355900894
1408	10.529771008095162
1409	23.265660578570834
1410	21.97209309527111
1411	16.386412246331787
1412	22.231578157396722
1413	19.414263826507792
1414	18.17040928757665
1415	21.348926841955375
1416	22.475354521189185
1417	24.212745696407445
1418	16.23056669229601
1419	22.236642965817953
1420	14.384214549202916
1421	17.13194126266225
1422	25.80942117784632
1423	21.20913860429366
1424	22.277147917982717
1425	17.226205397680225
1426	26.316198192632744
1427	13.921234390321546
1428	20.551943427972873
1429	19.397872802564923
1430	20.035423110716696
1431	14.678331240790468
1432	25.361437333595237
1434	21.427779344923557
1435	9.214451750260592
1436	23.845083816547515
1437	23.02573327994082
1438	14.839365889093806
1439	19.843066042546557
1440	15.857400851511315
1441	19.743611525162308
1442	12.60540425595249
1443	19.54339380797241
1444	22.133184504824477
1445	17.85115211322339
1446	15.402189163876946
1447	21.076592767909627
1448	22.30262206807519
1449	19.749955430715655
1453	22.354536056198093
1454	18.612866523373135
1455	18.02886448495833
1456	12.167540096094628
1457	24.17596901698147
1458	23.1443477298417
1459	21.675979777194193
1460	18.544902077833484
1461	17.879403160871547
1463	19.36299624695112
1464	14.317029609277286
1466	21.08049385120087
1467	24.069411840297285
1468	14.006556015768043
1469	25.62786269099696
1470	20.569615909512848
1471	20.89555479497435
1472	15.80837168522802
1473	20.99109040008619
1474	12.330767038537807
1475	17.195543445851882
1476	22.181238652723266
1477	24.072598532835602
1478	22.132288003998326
1479	21.203283867567663
1480	9.732144839807352
1481	22.545417160978523
1483	16.479986940579604
1484	22.76808223885824
1485	21.421167756602525
1486	19.19525855618887
1487	18.190418503555517
1488	20.460266925916248
1490	18.454116298677363
1491	21.26092534325322
1492	23.219172332170015
1493	24.769091687594482
1494	18.61884903272572
1495	15.245231701309512
1496	20.221350247224546
1497	20.70874023226443
1498	19.89480121282318
1499	15.849995023230301
1500	17.364217134064667
1501	15.713518209371813
1502	7.487517209674029
1504	21.471063086191354
1505	11.904299407014253
1506	20.8058379974693
1507	23.469415634636672
1508	23.5765717339603
1509	5.380762343721776
1510	15.863210016825152
1511	24.826685220522947
1512	6.7787870828820544
1515	20.75237322817311
1516	24.781912885787168
1517	23.59005205265001
1518	17.07627536116699
1519	29.155290260245724
1520	16.712925220206778
1521	14.93054057064671
1523	27.20969652267877
1524	22.383678825234103
1525	12.63975030746788
1526	26.212958235932643
1528	10.89168104519251
1529	20.993404457605674
1530	18.372455645027102
1531	22.814727549481336
1532	18.08294143302124
1533	24.507613045435864
1534	12.725761945416027
1536	20.639080405214923
1537	19.485764190024824
1538	25.319214355839485
1539	13.118734276581609
1540	22.283305629757454
1541	20.59300872297172
1542	28.863585779771373
1543	20.064065733558607
1544	21.41518207697812
1546	14.586442093727507
1547	20.391560955529727
1548	17.806451249791017
1549	19.345953691897954
1550	22.995981958086247
1551	17.86833888554382
1553	25.074032843942177
1554	17.455230526307176
1555	18.5577395342947
1556	24.821576401853193
1557	19.52564826687963
1558	17.771556227325267
1559	13.814248311240057
1560	14.165959623616613
1561	21.108377525339485
1563	19.77529043617835
1564	22.674631014084937
1566	27.06631554713296
1567	29.15372099848952
1568	19.74101006198363
1569	13.010834916499146
1570	16.420467463096877
1571	20.29250059937842
1572	26.65735971996876
1574	19.59944479827662
1575	7.330392786365693
1576	23.20219292948311
1577	23.89882901098097
1578	25.615808915453716
1579	19.733835256366834
1580	19.090757129096104
1581	13.625653979709003
1582	20.20090235011444
1583	18.424785406740664
1584	25.53414886808855
1585	20.59007831620492
1587	21.44567340073716
1589	12.554830903091814
1590	19.55453278617238
1591	6.310825664349364
1592	21.16132085743526
1593	22.940634417793152
1594	16.211757116776706
1595	14.129383861918312
1597	7.740616230255834
1598	19.16842251581221
1599	16.537132798477668
1600	14.916310876769536
1601	22.039903571851806
1602	22.71792708412541
1603	23.552378377832323
1604	13.539294637306384
1605	7.923731483431713
1606	17.746896956927927
1607	28.063405412863542
1608	20.808485690341712
1609	19.264921065217035
1610	15.111013542300544
1612	20.4960258481455
1613	20.63220770861728
1614	15.792013405466664
1615	23.461575589456416
1616	19.332072771105782
1617	16.245161740410882
1618	17.80573044203563
1620	13.636474666438755
1621	19.484388617361954
1622	20.777301632790614
1624	26.179845069584676
1625	21.55976103793151
1628	18.406535113340873
1629	22.804203957634787
1630	17.03163815919294
1631	13.853688014090856
1632	20.116620904622046
1633	20.130701851321056
1634	20.44175145707228
1635	12.129165861459663
1636	19.58706513982281
1637	20.01855931868742
1638	21.938920610945164
1639	14.578070173977041
1640	22.09534015855704
1641	24.426977186010056
1642	18.54344871180914
1643	28.386470390054654
1644	25.188518503276068
1645	9.09177717746659
1646	18.497046226689406
1647	24.62558191143928
1649	16.93250551250999
1650	22.276221137698812
1651	22.966995293657003
1653	14.622967632151738
1654	18.794144165320255
1655	23.28784013177694
1657	16.368245978636374
1658	12.923538976009528
1659	16.004091111765188
1660	18.055382342234463
1661	21.471295547833677
1662	20.066009232007644
1663	20.68800955207367
1664	20.289700649709886
1665	19.286045929080533
1666	17.99478365334311
1667	12.001367988311996
1668	21.749155054576924
1669	21.164069020453127
1671	24.0926852224483
1672	21.668450609978834
1673	12.449311068774353
1674	19.837489221411012
1675	24.417115109212823
1676	21.462489322085595
1677	17.291870119779386
1678	19.160634205276114
1679	23.837381913908402
1682	18.074550027035468
1683	23.24945062046812
1684	21.63549541412446
1686	15.335906273583474
1687	19.020491383612434
1688	21.827219708445224
1689	19.951435301758945
1690	19.73152675427309
1691	21.946680694560662
1692	21.166841476635554
1693	15.544181117377923
1694	15.896178619019103
1695	19.73094045510404
1696	16.32265479704282
1698	11.464295968956355
1699	17.22025758241431
1700	20.6404260190728
1702	17.467686501000177
1703	24.86057292555972
1704	20.600884165527198
1705	23.17958633053821
1706	15.713375186136885
1708	22.02092744842973
1709	8.878482128736833
1710	24.01094467262448
1711	24.670229801677166
1712	19.246702915211884
1713	21.431125075606026
1714	22.609415274838533
1715	10.71538228808333
1716	16.979007195430437
1717	20.420827069363273
1718	14.636946096976404
1719	15.91207150832364
1720	17.20929675339425
1721	16.686252506399565
1722	22.929898781017172
1723	16.56031346372632
1725	27.093128347224894
1726	22.621412103572855
1727	20.312547128252337
1728	21.203736094552525
1729	13.58717265641995
1730	20.050186191616106
1731	22.079064199976404
1732	21.760458638664126
1733	26.289684750504914
1735	9.5003171245721
1737	24.054589011678214
1738	22.78947021943983
1739	19.141239043352282
1740	23.811243252536833
1741	21.012593184356728
1742	18.82286507261504
1743	21.403630360917468
1744	21.641695101058296
1745	17.916415213381548
1746	6.8262168705865385
1747	21.496363265201346
1748	17.0849631103905
1749	21.43948936140713
1750	13.06205703936725
1752	16.72008096597303
1754	21.541652541777704
1755	18.887157727747592
1756	18.658586902273637
1757	23.571606293251772
1758	24.929464431721847
1759	13.246409229172363
1760	20.64285998082263
1761	22.535480938076763
1762	22.791973450245678
1763	17.078466398410136
1764	16.372844638113616
1765	25.20464645097213
1766	16.609046091439687
1767	15.198678136532429
1768	23.253588913566556
1770	14.091116327958986
1771	14.244969139870925
1772	18.66150247937016
1773	15.112051893960702
1774	26.43030298542226
1775	23.09800357871622
1776	17.672767616984157
1777	7.9650948453631205
1778	18.40592090081829
1779	21.793991270291837
1781	22.555698253149
1782	22.15658980647862
1783	20.138243649527784
1784	21.76179487665002
1785	25.985737760393146
1786	19.969053053308762
1787	22.852872006995895
1788	9.451209590896834
1789	16.329248783137245
1790	15.991935093138856
1791	23.27075642260411
1792	26.024601331734296
1793	19.8888455657119
1794	20.675707960574723
1795	19.957238488592157
1796	22.3352541705677
1797	21.814450321931268
1798	21.34502295865973
1799	23.803450522034222
1800	19.830032806574724
1801	13.302247438650907
1802	21.15196922887843
1803	21.602919885517263
1805	20.613039478998836
1806	25.314429878568834
1807	19.94835420072349
1808	13.868214471761725
1809	19.325356688099507
1810	21.98849256146519
1811	14.40475898412605
1812	21.136855202616154
1813	22.651913110444724
1814	20.99459513958259
1815	16.8446323135743
1816	18.05099841780673
1817	23.171915252681366
1818	19.530224068733794
1819	26.677567027503052
1820	16.3056889620109
1821	22.772498787939572
1822	21.32550905674235
1823	19.566687595968727
1824	13.571665811025582
1825	23.14338965963217
1826	23.18722861857524
1827	14.666907143365393
1828	21.195692657277167
1829	19.398842404799677
1830	29.86225310571924
1831	21.439758573391806
1832	21.28796424333917
1833	23.22449310444665
1834	16.682735051672
1836	14.874027844083587
1837	24.422642125994038
1838	18.40021214893635
1840	16.070489543489607
1841	21.246976011771057
1842	21.589136669146587
1843	20.673353657502805
1844	24.449062453527233
1845	24.86498329595657
1846	23.266437377446923
1848	27.540817257475034
1849	21.07021251211968
1851	18.83179283001945
1852	18.60505681549182
1853	16.774351105013352
1854	20.211787885241083
1855	21.934006335653628
1856	11.316460104581198
1857	23.196504519195816
1858	19.476744600454854
1860	23.009920891501892
1861	12.83749927270817
1862	8.978549966891064
1863	23.031146921948693
1864	15.87020597060942
1865	17.53629852977615
1866	28.334381330021113
1868	22.055378684184372
1869	19.82239662615493
1870	20.971045999553095
1871	22.37323585125269
1872	20.34421048889446
1873	23.10739122472443
1875	23.03139784374746
1876	22.673579937346684
1877	21.878846349511644
1879	18.280257840653853
1880	16.339945192881128
1881	27.412824922137872
1882	24.363836939012163
1883	20.41012765618549
1884	12.783621759212204
1886	25.167826183089666
1887	17.755886280608387
1888	23.354718019587416
1889	15.962652691702122
1890	20.064255103742713
1891	18.77293088488452
1892	19.38592502697853
1893	11.150328329647266
1894	15.898721182539632
1896	20.392898061777707
1897	27.311256237370426
1898	10.121676102721922
1899	21.676735034124466
1900	16.481912972458343
1901	21.25612061200471
1902	22.12113939411164
1903	21.130764734261845
1904	16.41661505460592
1905	12.250140394072982
1906	14.403402244446477
1907	18.344905077186173
1908	23.615384316726306
1909	19.916936861168285
1911	10.535380181564973
1912	21.951534564653283
1914	21.030948969033954
1916	21.590440728728353
1917	10.90160740705958
1918	12.486081960909754
1919	21.038922567468024
1920	15.060377605203097
1921	22.934531503870698
1922	14.284873780352115
1923	17.742925350414907
1924	12.391274093525759
1925	13.91909434409361
1926	21.69798023817076
1927	20.91445997601121
1928	22.31760849191258
1929	14.134039095432346
1930	22.056817316620474
1932	19.243167107307393
1933	23.044873487300475
1934	27.384406526466677
1935	18.396570020800844
1936	25.407459345497163
1938	12.804149585561476
1939	20.15906347701788
1940	21.490326483979278
1941	24.383989044063615
1942	17.569752829019418
1943	24.372765819762037
1944	14.501631375706182
1945	25.783762863423643
1946	12.303964641744198
1947	19.399411157507977
1948	13.175801428780023
1949	24.449724787311006
1950	17.823122910024686
1951	19.77780318962672
1952	21.819155201240665
1953	11.288383525824496
1954	16.253515852621444
1955	4.867512614222733
1956	19.383127701034148
1957	27.052449947068144
1958	19.518858310728998
1959	16.74307784646983
1960	23.216046611734328
1961	23.723317619990326
1962	20.72144230231901
1964	19.687260025536226
1965	16.05694870746815
1966	17.468849871072067
1968	26.964524652859733
1969	18.969862157070107
1971	23.52383915409192
1972	21.727558935777324
1973	17.5323214729056
1975	16.630037068534943
1977	19.836784101913402
1978	23.910650175676835
1979	21.44992879652998
1981	18.377063419763548
1982	18.506836697931732
1984	17.507083741322635
1985	22.66458562477572
1987	8.483907405794987
1989	24.26918204628843
1990	23.262660438281063
1991	14.20123472913808
1992	18.87682440446036
1993	20.98637001636816
1995	14.523045725034393
1996	26.78684362945685
1997	21.640739299035992
1998	22.748373529533364
1999	8.1224699088698
